"Id","DateCount"
1503960366,31
1624580081,31
1644430081,30
1844505072,31
1927972279,31
2022484408,31
2026352035,31
2320127002,31
2347167796,18
2873212765,31
3372868164,20
3977333714,30
4020332650,31
4057192912,4
4319703577,31
4388161847,31
4445114986,31
4558609924,31
4702921684,31
5553957443,31
5577150313,30
6117666160,28
6290855005,29
6775888955,26
6962181067,31
7007744171,26
7086361926,31
8053475328,31
8253242879,19
8378563200,31
8583815059,31
8792009665,29
8877689391,31
